Name,Age,Email
Tom,22,example@gmail.com
Name,Age,Email
Tom,22,example@gmail.com
Name,Age,Email
Tom,22,example@gmail.com
Name,Age,Email
Tom,22,example@gmail.com
Name,Age,Email
Tom,22,example@gmail.com
Name,Age,Email
Tom,22,example@gmail.com
Name,Age,Email
Tom,22,example@gmail.com
Name,Age,Email
Tom,22,example@gmail.com
Name,Age,Email
Tom,22,example@gmail.com
Name,Age,Email
Tom,22,example@gmail.com
Name,Age,Email
Tom,22,example@gmail.com
Name,Age,Email
Tom,22,example@gmail.com
Name,Age,Email
Tom,22,example@gmail.com
Name,Age,Email
Tom,22,example@gmail.com
